{
    "model_name": "lightgbm_v1_baseline",
    "num_features": 393,
    "auc": 0.9666073764589942,
    "ks": 0.8222664745533027,
    "recall_at_1pct_fpr": 0.7483668037744979,
    "recall_at_05pct_fpr": 0.6801354947979675,
    "optimal_threshold": 0.696520916315476,
    "fraud_rate": 0.03499000914417313,
    "training_rows": 590540,
    "notes": "Baseline LightGBM using full feature set"
}