{
    "model_name": "lightgbm_identity_final",
    "num_features": 436,
    "auc": 0.9481773708975849,
    "ks": 0.7625740423950371,
    "recall_at_1pct_fpr": 0.6583595451246068,
    "recall_at_05pct_fpr": 0.597870796031938,
    "optimal_threshold": 0.474017541816528,
    "fraud_rate": 0.03499000914417313,
    "training_rows": 590540,
    "notes": "Final Identity-Enhanced model including Transaction + Identity data and Log Transform"
}